<application>
  <component name="ProjectManager">
    <defaultProject>
      <component name="ComposerSettings">
        <execution />
      </component>
      <component name="ProjectInspectionProfilesVisibleTreeState">
        <entry key="Project Default">
          <profile-state>
            <expanded-state>
              <State />
              <State>
                <id>Code smellPHP</id>
              </State>
              <State>
                <id>Code stylePHP</id>
              </State>
              <State>
                <id>PHP</id>
              </State>
              <State>
                <id>PSR-12Code stylePHP</id>
              </State>
              <State>
                <id>Probable bugsPHP</id>
              </State>
              <State>
                <id>Undefined symbolsPHP</id>
              </State>
              <State>
                <id>XML</id>
              </State>
              <State>
                <id>XPath</id>
              </State>
            </expanded-state>
            <selected-state>
              <State>
                <id>HardwiredNamespacePrefix</id>
              </State>
            </selected-state>
          </profile-state>
        </entry>
      </component>
      <component name="ProjectViewState">
        <option name="autoscrollFromSource" value="true" />
        <option name="hideEmptyMiddlePackages" value="true" />
        <option name="showLibraryContents" value="true" />
      </component>
      <component name="PropertiesComponent">
        <property name="settings.editor.selected.configurable" value="editor.preferences.import" />
      </component>
    </defaultProject>
  </component>
</application>