<keymap version="1" name="Windows copy" parent="$default">
  <action id="Arrangement.Rule.Edit" />
  <action id="Back">
    <keyboard-shortcut first-keystroke="ctrl alt left" />
    <mouse-shortcut keystroke="button4" />
    <keyboard-shortcut first-keystroke="alt b" />
    <keyboard-shortcut first-keystroke="alt left" />
  </action>
  <action id="ChangesView.Rename">
    <keyboard-shortcut first-keystroke="shift f6" />
  </action>
  <action id="Console.TableResult.EditValue">
    <keyboard-shortcut first-keystroke="enter" />
    <keyboard-shortcut first-keystroke="alt enter" />
  </action>
  <action id="CopyElement" />
  <action id="Diff.NextChange" />
  <action id="Diff.PrevChange" />
  <action id="EditSource" />
  <action id="EditorNextWord" />
  <action id="EditorPreviousWord" />
  <action id="ExternalSystem.OpenConfig" />
  <action id="FindInPath">
    <keyboard-shortcut first-keystroke="shift ctrl f" />
    <keyboard-shortcut first-keystroke="f3" />
    <keyboard-shortcut first-keystroke="windows" second-keystroke="f" />
  </action>
  <action id="FindNext">
    <keyboard-shortcut first-keystroke="ctrl l" />
  </action>
  <action id="FindWordAtCaret" />
  <action id="Forward">
    <keyboard-shortcut first-keystroke="ctrl alt right" />
    <mouse-shortcut keystroke="button5" />
    <keyboard-shortcut first-keystroke="alt right" />
  </action>
  <action id="Git.Rename.Local.Branch">
    <keyboard-shortcut first-keystroke="shift f6" />
  </action>
  <action id="Git.Reword.Commit">
    <keyboard-shortcut first-keystroke="shift f6" />
  </action>
  <action id="GotoNextError" />
  <action id="Graph.RouteEdges" />
  <action id="Jdbc.OpenEditor.Data" />
  <action id="Move" />
  <action id="NavBar-navigate" />
  <action id="NextTab">
    <keyboard-shortcut first-keystroke="ctrl right" />
  </action>
  <action id="OptimizeImports">
    <keyboard-shortcut first-keystroke="ctrl alt o" />
    <keyboard-shortcut first-keystroke="alt i" />
  </action>
  <action id="PreviousTab">
    <keyboard-shortcut first-keystroke="ctrl left" />
  </action>
  <action id="ProfilerJumpToSource" />
  <action id="ProjectViewEditSource" />
  <action id="ReformatCode">
    <keyboard-shortcut first-keystroke="ctrl alt l" />
    <keyboard-shortcut first-keystroke="alt f" />
  </action>
  <action id="RemoteHostView.EditSource" />
  <action id="RenameElement">
    <keyboard-shortcut first-keystroke="shift f6" />
    <keyboard-shortcut first-keystroke="f6" />
    <keyboard-shortcut first-keystroke="f2" />
  </action>
  <action id="ReplaceInPath">
    <keyboard-shortcut first-keystroke="shift ctrl r" />
    <keyboard-shortcut first-keystroke="f4" />
  </action>
  <action id="Run">
    <keyboard-shortcut first-keystroke="shift f10" />
    <keyboard-shortcut first-keystroke="f5" />
  </action>
  <action id="ShelvedChanges.Rename">
    <keyboard-shortcut first-keystroke="shift f6" />
  </action>
  <action id="Sql.EditParameter" />
  <action id="XDebugger.EditWatch" />
  <action id="XDebugger.SetValue" />
</keymap>