<application>
  <component name="com.intellij.ide.ui.customization.CustomActionsSchema">
    <group seperator="true" action_type="1" position="12">
      <path value="root" />
      <path value="Main Toolbar" />
      <option name="myInitialPosition" value="-1" />
    </group>
    <group value="CommentByLineComment" is_action="true" action_type="1" position="13">
      <path value="root" />
      <path value="Main Toolbar" />
      <option name="myInitialPosition" value="-1" />
    </group>
    <group seperator="true" action_type="1" position="14">
      <path value="root" />
      <path value="Main Toolbar" />
      <option name="myInitialPosition" value="-1" />
    </group>
    <group value="ShowReformatFileDialog" is_action="true" action_type="1" position="15">
      <path value="root" />
      <path value="Main Toolbar" />
      <option name="myInitialPosition" value="-1" />
    </group>
    <group value="ReformatCode" is_action="true" action_type="1" position="16">
      <path value="root" />
      <path value="Main Toolbar" />
      <option name="myInitialPosition" value="-1" />
    </group>
    <group value="OptimizeImports" is_action="true" action_type="1" position="17">
      <path value="root" />
      <path value="Main Toolbar" />
      <option name="myInitialPosition" value="-1" />
    </group>
    <group value="AutoIndentLines" is_action="true" action_type="1" position="18">
      <path value="root" />
      <path value="Main Toolbar" />
      <option name="myInitialPosition" value="-1" />
    </group>
    <group seperator="true" action_type="1" position="19">
      <path value="root" />
      <path value="Main Toolbar" />
      <option name="myInitialPosition" value="-1" />
    </group>
    <group value="SurroundWith" is_action="true" action_type="1" position="20">
      <path value="root" />
      <path value="Main Toolbar" />
      <option name="myInitialPosition" value="-1" />
    </group>
    <action id="ReformatCode" icon="D:/tools/develope/pycharm/图标/code.png" />
    <action id="OptimizeImports" icon="D:/tools/develope/icon4dev/clean2.png" />
    <action id="SurroundWith" icon="D:/tools/develope/pycharm/图标/surround-sound-line.png" />
    <action id="AutoIndentLines" icon="D:/tools/develope/icon4dev/indent2.png" />
    <action id="CommentByLineComment" icon="D:/tools/develope/pycharm/图标/commnet.png" />
    <action id="ShowReformatFileDialog" icon="D:/tools/develope/icon4dev/TextFormat2.png" />
  </component>
</application>